product_a_name,product_b_name,product_a,product_b,pair_orders,support,confidence_a_to_b,confidence_b_to_a,lift
Total 2% Lowfat Greek Strained Yogurt With Blueberry,Total 2% Lowfat Greek Strained Yogurt with Peach,4957,33787,6461,0.0019309144453380266,0.3018453632328895,0.3143732970027248,49.14361806843114
Total 2% Lowfat Greek Strained Yogurt With Blueberry,Total 2% with Strawberry Lowfat Greek Strained Yogurt,4957,33754,9565,0.0028585662698743576,0.44685821069843495,0.3098879025464913,48.44245001712082
Total 2% with Strawberry Lowfat Greek Strained Yogurt,Total 2% Lowfat Greek Strained Yogurt with Peach,33754,33787,8241,0.0024628797313156906,0.26699280762003497,0.40098287271311794,43.469253342724286
Total 2% All Natural Greek Strained Yogurt with Honey,Total 2% with Strawberry Lowfat Greek Strained Yogurt,18523,33754,5947,0.0017773019975894202,0.24941285019292064,0.19267154798159788,27.038038554139778
Total 2% Lowfat Greek Strained Yogurt With Blueberry,Total 2% All Natural Greek Strained Yogurt with Honey,4957,18523,4019,0.0012011058900810291,0.1877598691894417,0.16855393390370743,26.348771446779683
Total 2% All Natural Greek Strained Yogurt with Honey,Total 2% Lowfat Greek Strained Yogurt with Peach,18523,33787,3816,0.0011404379389273966,0.16004026170105687,0.18567536006228105,26.05624751817134
Frozen Organic Wild Blueberries,Organic Whole Strawberries,17948,24489,7015,0.0020964811691760185,0.2265095253471101,0.21480188621471002,23.207779781432855
Yellow Bell Pepper,Orange Bell Pepper,2295,15290,7520,0.0022474039048045132,0.28244131455399063,0.18318230536880054,23.02134076602262
Sparkling Lemon Water,Lime Sparkling Water,21709,35221,8874,0.0026520561504302194,0.2593902545964748,0.18292381266490765,17.891270639654856
Sparkling Lemon Water,Peach Pear Flavored Sparkling Water,21709,26620,3374,0.0010083431881396845,0.0986232498319254,0.152448942707392,14.910608154136925
Blackberries,Raspberries,21288,43352,6185,0.0018484299403212653,0.25834342759283235,0.10152825883550289,14.189966204798296
Organic Red Bell Pepper,Organic Bell Pepper,10749,43768,6024,0.0018003139790614877,0.10060456261064164,0.2475853848999219,13.835486279803693
Peach Pear Flavored Sparkling Water,Lime Sparkling Water,26620,35221,4347,0.0012991309540139918,0.19641243448400506,0.08960669525065963,13.547417299133063
Peach Pear Flavored Sparkling Water,Sparkling Water Grapefruit,26620,44632,6968,0.0020824348947709906,0.31483824326766674,0.08792983784465896,13.293897325355596
Pure Sparkling Water,Sparkling Lemon Water,14947,21709,4054,0.0012115658816592417,0.13509280549168584,0.11849989769372424,13.213052523399979
Organic Whole Strawberries,Pineapple Chunks,24489,46802,3286,0.000982043780743036,0.10061853144711862,0.12625350597456486,12.935718967232836
Lime Sparkling Water,Sparkling Water Grapefruit,35221,44632,13789,0.004120937824913488,0.2842389511873351,0.17400466906429427,12.001856552536712
Sparkling Lemon Water,Sparkling Water Grapefruit,21709,44632,9553,0.002854979987047542,0.279237672093771,0.12055019244116348,11.790679885829285
Pure Sparkling Water,Peach Pear Flavored Sparkling Water,14947,26620,1986,0.0005935298078380005,0.06618014595621313,0.08973432134465932,10.005614554563687
Fresh Ginger Root,Garlic,31553,34358,2869,0.00085742045251119,0.11289053277720941,0.0744479331551496,9.802036811032597
Orange Bell Pepper,Organic Bell Pepper,15290,43768,2893,0.0008645930181648214,0.07047159699892819,0.11890181250256875,9.691496966872082
Organic Cilantro,Organic Jalapeno Pepper,31717,35939,4434,0.0013251315045084058,0.06069815195071868,0.21002273588480486,9.620171199967631
"Milk, Organic, Vitamin D",Organic Large Brown Grade AA Cage Free Eggs,29447,30233,1984,0.0005929320940335312,0.0955223880597015,0.05968353288009145,9.615120594608333
Jalapeno Peppers,Bunched Cilantro,20114,28842,6034,0.001803302548083834,0.1357174988753936,0.1271654373024236,9.570537740557928
Pure Sparkling Water,Lime Sparkling Water,14947,35221,4137,0.0012363710045447168,0.13785864240727783,0.08527786939313985,9.50870835591341
Organic Black Beans,Organic Garbanzo Beans,27156,42768,3507,0.001048091156136892,0.08861207266846906,0.11241825875112194,9.504531028039779
Organic Leek,Organic Thyme,23165,39812,1167,0.000348766004907828,0.05710790310741375,0.05774654856746994,9.455578393456594
Frozen Organic Wild Blueberries,Pineapple Chunks,17948,46802,2276,0.0006801983094860468,0.0734904746528899,0.08744765051677104,9.44808191101417
Soda,Clementines,196,6184,3361,0.0010044580484106342,0.09011207035229771,0.10439833509349568,9.36579694044317
Organic Italian Parsley Bunch,Organic Thyme,34126,39812,3498,0.0010454014440167802,0.055505307754558,0.17309119699143946,9.190230426408764
Pure Sparkling Water,Sparkling Water Grapefruit,14947,44632,6457,0.001929719017729088,0.21516878269852377,0.08148148148148149,9.08540104635276
Yellow Bell Pepper,Red Peppers,2295,24184,4198,0.0012546012755810302,0.15767136150234742,0.07214917934175474,9.067310514906922
Green Onions,Bunched Cilantro,5025,28842,3490,0.0010430105887989031,0.12472749365640971,0.07355110642781876,8.795543649237521
Organic Mint,Organic Basil,13984,43789,1453,0.00043423907894693585,0.07092302435690925,0.05209752599498028,8.508939623852278
Organic Mint,Organic Italian Parsley Bunch,13984,34126,3219,0.0009620203682933149,0.15712402987260213,0.05107821202456324,8.342457994132213
Clementines,Hass Avocados,6184,12341,4191,0.0012525092772653877,0.13017953655960737,0.07983313332190412,8.297455744708856
"Milk, Organic, Vitamin D",Organic Large Grade AA Brown Eggs,29447,32655,1331,0.00039777853687430944,0.06408281174771305,0.05008466603951082,8.068726509171135
Orange Bell Pepper,Red Peppers,15290,24184,5529,0.0016523798124553396,0.13468284127448116,0.09502449084815674,7.745294587612609
Organic Diced Tomatoes,Organic Black Beans,890,27156,2091,0.0006249097825726379,0.09157396864325129,0.052833716552543146,7.742226538639012
Green Bell Pepper,Organic Bell Pepper,21938,43768,3224,0.0009635146528044882,0.05558141539522455,0.13250585672598741,7.6437478595166315
Organic Milk,Organic Large Brown Grade AA Cage Free Eggs,1463,30233,2126,0.0006353697741508504,0.07369150779896014,0.06395523735033994,7.41766143705156
Original Orange Juice,Lemonade,25146,41290,1173,0.0003505591463212359,0.045164022793777917,0.05726700190401797,7.377950929154557
Organic Jalapeno Pepper,Organic White Onions,35939,38383,1140,0.0003406968685474927,0.053997726411519516,0.04654771140418929,7.377439646573698
Clementines,Blackberries,6184,21288,1685,0.000503573880265373,0.05233894514505809,0.0703813541623157,7.315085192256438
Green Bell Pepper,Red Peppers,21938,24184,7225,0.002159241118645294,0.12455822773898802,0.12417289679470654,7.163051789078907
Total 2% Lowfat Greek Strained Yogurt With Blueberry,Total 0% Nonfat Greek Yogurt,4957,46676,1276,0.0003813414072514041,0.05961224013081056,0.04578235441857127,7.156811857975064
Unsalted Pure Irish Butter,Pure Irish Butter,2078,33000,1551,0.00046352705536593084,0.07535710815275483,0.04383337101514809,7.126134369180827
Organic Thyme,Organic Basil,39812,43789,1193,0.00035653628436592877,0.05903310406254639,0.04277518823951237,7.082454856253762
Organic Leek,Organic Italian Parsley Bunch,23165,34126,2700,0.0008069136360335353,0.13212625397602154,0.042842861903175135,7.01520782410384
Bunched Cilantro,Red Onion,28842,44142,4394,0.00131317722841902,0.0926027397260274,0.09879263439530545,6.966667112230702
